{
	"credit": "Made with Blockbench",
	"texture_size": [32, 32],
	"textures": {
		"4": "ppg:item/rw/relic/livingwood_hammer/base",
		"particle": "ppg:item/rw/relic/livingwood_hammer/base"
	},
	"elements": [
		{
			"from": [7, 0, 7],
			"to": [9, 8, 9],
			"rotation": {"angle": 0, "axis": "y", "origin": [7, 2, 7]},
			"faces": {
				"north": {"uv": [7, 9, 8, 13], "texture": "#4"},
				"east": {"uv": [8, 9, 9, 13], "texture": "#4"},
				"south": {"uv": [10, 5, 11, 9], "texture": "#4"},
				"west": {"uv": [10, 9, 11, 13], "texture": "#4"},
				"up": {"uv": [9, 6, 8, 5], "texture": "#4"},
				"down": {"uv": [12, 0, 11, 1], "texture": "#4"}
			}
		},
		{
			"from": [7, 18, 3],
			"to": [9, 19, 5],
			"rotation": {"angle": 0, "axis": "y", "origin": [7, 13, 7]},
			"faces": {
				"north": {"uv": [12, 12, 13, 12.5], "texture": "#4"},
				"east": {"uv": [12, 12.5, 13, 13], "texture": "#4"},
				"south": {"uv": [13, 0, 14, 0.5], "texture": "#4"},
				"west": {"uv": [13, 0.5, 14, 1], "texture": "#4"},
				"up": {"uv": [12, 2, 11, 1], "texture": "#4"},
				"down": {"uv": [12, 2, 11, 3], "texture": "#4"}
			}
		},
		{
			"from": [7, 18, 12],
			"to": [9, 19, 14],
			"rotation": {"angle": 0, "axis": "y", "origin": [7, 13, 15]},
			"faces": {
				"north": {"uv": [13, 1, 14, 1.5], "texture": "#4"},
				"east": {"uv": [13, 1.5, 14, 2], "texture": "#4"},
				"south": {"uv": [13, 2, 14, 2.5], "texture": "#4"},
				"west": {"uv": [13, 2.5, 14, 3], "texture": "#4"},
				"up": {"uv": [13, 11, 12, 10], "texture": "#4"},
				"down": {"uv": [13, 11, 12, 12], "texture": "#4"}
			}
		},
		{
			"from": [7, 16, 3],
			"to": [9, 18, 14],
			"rotation": {"angle": 0, "axis": "y", "origin": [7, 12, 8]},
			"faces": {
				"north": {"uv": [12, 2, 13, 3], "texture": "#4"},
				"east": {"uv": [8, 3, 13.5, 4], "texture": "#4"},
				"south": {"uv": [12, 9, 13, 10], "texture": "#4"},
				"west": {"uv": [8, 4, 13.5, 5], "texture": "#4"},
				"up": {"uv": [10, 10.5, 9, 5], "texture": "#4"},
				"down": {"uv": [7, 9, 6, 14.5], "texture": "#4"}
			}
		},
		{
			"from": [7, 8, 8],
			"to": [9, 16, 10],
			"rotation": {"angle": 0, "axis": "y", "origin": [7, 10, 8]},
			"faces": {
				"north": {"uv": [9, 10.5, 10, 14.5], "texture": "#4"},
				"east": {"uv": [11, 5, 12, 9], "texture": "#4"},
				"south": {"uv": [11, 9, 12, 13], "texture": "#4"},
				"west": {"uv": [12, 5, 13, 9], "texture": "#4"},
				"up": {"uv": [13, 1, 12, 0], "texture": "#4"},
				"down": {"uv": [13, 1, 12, 2], "texture": "#4"}
			}
		},
		{
			"from": [5, 19, 0],
			"to": [11, 25, 16],
			"rotation": {"angle": 0, "axis": "y", "origin": [5, 19, 2]},
			"faces": {
				"north": {"uv": [6, 6, 9, 9], "texture": "#4"},
				"east": {"uv": [0, 0, 8, 3], "texture": "#4"},
				"south": {"uv": [8, 0, 11, 3], "texture": "#4"},
				"west": {"uv": [0, 3, 8, 6], "texture": "#4"},
				"up": {"uv": [3, 14, 0, 6], "texture": "#4"},
				"down": {"uv": [6, 6, 3, 14], "texture": "#4"}
			}
		},
		{
			"from": [8, 0, 6],
			"to": [8, 16, 11],
			"rotation": {"angle": 0, "axis": "y", "origin": [6, 0, 6]},
			"faces": {
				"north": {"uv": [0, 0, 0, 8], "texture": "#4"},
				"east": {"uv": [13.5, 8, 16, 16], "texture": "#4"},
				"south": {"uv": [0, 0, 0, 8], "texture": "#4"},
				"west": {"uv": [16, 8, 13.5, 16], "texture": "#4"},
				"up": {"uv": [0, 0, 0, 2.5], "texture": "#4"},
				"down": {"uv": [0, 0, 0, 2.5], "texture": "#4"}
			}
		},
		{
			"from": [5, 19, -2],
			"to": [5, 25, 0],
			"rotation": {"angle": 0, "axis": "y", "origin": [8, 22, -1]},
			"faces": {
				"north": {"uv": [13, 5, 16, 8], "texture": "#4"},
				"east": {"uv": [16, 0, 15, 3], "texture": "#4"},
				"south": {"uv": [13, 5, 16, 8], "texture": "#4"},
				"west": {"uv": [15, 0, 16, 3], "texture": "#4"},
				"up": {"uv": [0, 14, 3, 15], "texture": "#4"},
				"down": {"uv": [0, 15, 3, 16], "texture": "#4"}
			}
		},
		{
			"from": [11, 19, -2],
			"to": [11, 25, 0],
			"rotation": {"angle": 0, "axis": "y", "origin": [14, 22, -1]},
			"faces": {
				"north": {"uv": [13, 5, 16, 8], "texture": "#4"},
				"east": {"uv": [14, 0, 15, 3], "texture": "#4"},
				"south": {"uv": [13, 5, 16, 8], "texture": "#4"},
				"west": {"uv": [15, 0, 14, 3], "texture": "#4"},
				"up": {"uv": [0, 14, 3, 15], "texture": "#4"},
				"down": {"uv": [0, 15, 3, 16], "texture": "#4"}
			}
		},
		{
			"from": [5, 25, -2],
			"to": [11, 25, 0],
			"rotation": {"angle": 0, "axis": "y", "origin": [14, 28, -1]},
			"faces": {
				"north": {"uv": [13, 5, 16, 8], "texture": "#4"},
				"east": {"uv": [14, 0, 15, 3], "texture": "#4"},
				"south": {"uv": [13, 5, 16, 8], "texture": "#4"},
				"west": {"uv": [15, 0, 14, 3], "texture": "#4"},
				"up": {"uv": [0, 14, 3, 15], "texture": "#4"},
				"down": {"uv": [0, 15, 3, 14], "texture": "#4"}
			}
		},
		{
			"from": [5, 19, -2],
			"to": [11, 19, 0],
			"rotation": {"angle": 0, "axis": "y", "origin": [14, 22, -1]},
			"faces": {
				"north": {"uv": [13, 5, 16, 8], "texture": "#4"},
				"east": {"uv": [14, 0, 15, 3], "texture": "#4"},
				"south": {"uv": [13, 5, 16, 8], "texture": "#4"},
				"west": {"uv": [15, 0, 14, 3], "texture": "#4"},
				"up": {"uv": [0, 16, 3, 15], "texture": "#4"},
				"down": {"uv": [0, 15, 3, 16], "texture": "#4"}
			}
		},
		{
			"from": [11, 19, 16],
			"to": [11, 25, 18],
			"rotation": {"angle": 0, "axis": "z", "origin": [8, 22, 17]},
			"faces": {
				"north": {"uv": [13, 5, 16, 8], "rotation": 90, "texture": "#4"},
				"east": {"uv": [0, 16, 3, 15], "rotation": 270, "texture": "#4"},
				"south": {"uv": [13, 5, 16, 8], "rotation": 270, "texture": "#4"},
				"west": {"uv": [3, 15, 0, 16], "rotation": 270, "texture": "#4"},
				"up": {"uv": [14, 0, 15, 3], "rotation": 270, "texture": "#4"},
				"down": {"uv": [15, 0, 14, 3], "rotation": 270, "texture": "#4"}
			}
		},
		{
			"from": [5, 25, 16],
			"to": [11, 25, 18],
			"rotation": {"angle": 0, "axis": "z", "origin": [8, 22, 17]},
			"faces": {
				"north": {"uv": [13, 5, 16, 8], "rotation": 90, "texture": "#4"},
				"east": {"uv": [0, 15, 3, 16], "rotation": 270, "texture": "#4"},
				"south": {"uv": [13, 5, 16, 8], "rotation": 270, "texture": "#4"},
				"west": {"uv": [0, 14, 3, 15], "rotation": 270, "texture": "#4"},
				"up": {"uv": [15, 0, 14, 3], "rotation": 270, "texture": "#4"},
				"down": {"uv": [14, 0, 15, 3], "rotation": 270, "texture": "#4"}
			}
		},
		{
			"from": [5, 19, 16],
			"to": [5, 25, 18],
			"rotation": {"angle": 0, "axis": "z", "origin": [8, 22, 17]},
			"faces": {
				"north": {"uv": [13, 5, 16, 8], "rotation": 90, "texture": "#4"},
				"east": {"uv": [0, 14, 3, 15], "rotation": 270, "texture": "#4"},
				"south": {"uv": [13, 5, 16, 8], "rotation": 270, "texture": "#4"},
				"west": {"uv": [3, 15, 0, 14], "rotation": 270, "texture": "#4"},
				"up": {"uv": [14, 0, 15, 3], "rotation": 270, "texture": "#4"},
				"down": {"uv": [15, 0, 14, 3], "rotation": 270, "texture": "#4"}
			}
		},
		{
			"from": [5, 19, 16],
			"to": [11, 19, 18],
			"rotation": {"angle": 0, "axis": "z", "origin": [8, 22, 17]},
			"faces": {
				"north": {"uv": [13, 5, 16, 8], "rotation": 90, "texture": "#4"},
				"east": {"uv": [0, 15, 3, 16], "rotation": 270, "texture": "#4"},
				"south": {"uv": [13, 5, 16, 8], "rotation": 270, "texture": "#4"},
				"west": {"uv": [0, 14, 3, 15], "rotation": 270, "texture": "#4"},
				"up": {"uv": [15, 0, 16, 3], "rotation": 270, "texture": "#4"},
				"down": {"uv": [16, 0, 15, 3], "rotation": 270, "texture": "#4"}
			}
		}
	],
	"display": {
		"thirdperson_righthand": {
			"translation": [0, 1, 2],
			"scale": [0.9, 1, 1]
		},
		"thirdperson_lefthand": {
			"translation": [0, 1, 2],
			"scale": [0.9, 1, 1]
		},
		"firstperson_righthand": {
			"translation": [0, -2, 0],
			"scale": [0.75, 0.75, 0.5]
		},
		"firstperson_lefthand": {
			"translation": [0, -2, 0],
			"scale": [0.75, 0.75, 0.5]
		}
	}
}
