{
  "model": {
    "type": "minecraft:composite",
    "models": [
      {
        "type": "select",
        "property": "custom_model_data",
        "cases": [
          {
            "when": "Placeholder",
            "model": {
              "type": "select",
              "property": "display_context",
              "cases": [
                {
                  "when": [
                    "gui"
                  ],
                  "model": {
                    "type": "model",
                    "model": "ppg:item/rw/relic/emerald_justice/charged_gui"
                  }
                }
              ]
            }
          }
        ],
        "fallback": {
          "type": "minecraft:model",
          "model": "ppg:item/empty"
        }
      },
      {
        "type": "select",
        "property": "custom_model_data",
        "cases": [
          {
            "when": "Placeholder",
            "model": {
              "type": "minecraft:model",
              "model": "ppg:item/empty"
            }
          }
        ],
        "fallback": {
          "type": "select",
          "property": "display_context",
            "cases": [
            {
              "when": [
                "firstperson_lefthand",
                "firstperson_righthand",
                "thirdperson_lefthand",
                "thirdperson_righthand"
              ],
              "model": {
                "type": "minecraft:range_dispatch",
                "property": "custom_model_data",
                "entries": [
                  {
                    "threshold": 1,
                    "model": {
                      "type": "minecraft:condition",
                      "property": "minecraft:using_item",
                      "on_false": {
                        "type": "minecraft:model",
                        "model": "ppg:item/rw/relic/cloudforce/float"
                      },
                      "on_true": {
                        "type": "minecraft:range_dispatch",
                        "property": "minecraft:use_duration",
                        "scale": 0.05,
                        "entries": [
                          {
                            "threshold": 0.65,
                            "model": {
                              "type": "minecraft:model",
                              "model": "ppg:item/rw/relic/cloudforce/pulling/float_1"
                            }
                          },
                          {
                            "threshold": 0.9,
                            "model": {
                              "type": "minecraft:model",
                              "model": "ppg:item/rw/relic/cloudforce/pulling/float_2"
                            }
                          }
                        ],
                        "fallback": {
                          "type": "minecraft:model",
                          "model": "ppg:item/rw/relic/cloudforce/pulling/float_0"
                        }
                      }
                    }
                  }
                ],
                "fallback": {
                  "type": "minecraft:condition",
                  "property": "minecraft:using_item",
                  "on_false": {
                    "type": "minecraft:model",
                    "model": "ppg:item/rw/relic/cloudforce/base"
                  },
                  "on_true": {
                    "type": "minecraft:range_dispatch",
                    "property": "minecraft:use_duration",
                    "scale": 0.05,
                    "entries": [
                      {
                        "threshold": 0.65,
                        "model": {
                          "type": "minecraft:model",
                          "model": "ppg:item/rw/relic/cloudforce/pulling/base_1"
                        }
                      },
                      {
                        "threshold": 0.9,
                        "model": {
                          "type": "minecraft:model",
                          "model": "ppg:item/rw/relic/cloudforce/pulling/base_2"
                        }
                      }
                    ],
                    "fallback": {
                      "type": "minecraft:model",
                      "model": "ppg:item/rw/relic/cloudforce/pulling/base_0"
                    }
                  }
                }
              }
            }
          ],
          "fallback": {
            "type": "minecraft:condition",
            "property": "minecraft:using_item",
            "on_false": {
              "type": "minecraft:model",
              "model": "ppg:item/rw/relic/cloudforce/base"
            },
            "on_true": {
              "type": "minecraft:range_dispatch",
              "property": "minecraft:use_duration",
              "scale": 0.05,
              "entries": [
                {
                  "threshold": 0.65,
                  "model": {
                    "type": "minecraft:model",
                    "model": "ppg:item/rw/relic/cloudforce/pulling/base_1"
                  }
                },
                {
                  "threshold": 0.9,
                  "model": {
                    "type": "minecraft:model",
                    "model": "ppg:item/rw/relic/cloudforce/pulling/base_2"
                  }
                }
              ],
              "fallback": {
                "type": "minecraft:model",
                "model": "ppg:item/rw/relic/cloudforce/pulling/base_0"
              }
            }
          }
        }
      }
    ]
  }
}
