{
  "model": {
    "type": "minecraft:composite",
    "models": [
        {
          "type": "select",
          "property": "custom_model_data",
          "cases": [
            {
              "when": "Xmas",
              "model": {
                "type": "select",
                "property": "display_context",
                "cases": [
                  {
                    "when": [
                      "gui"
                    ],
                    "model": {
                      "type": "model",
                      "model": "ppg:item/we/longsword/skin_layer/xmas_gui"
                    }
                  },
                  {
                    "when": [
                      "ground",
                      "fixed"
                    ],
                    "model": {
                      "type": "model",
                      "model": "ppg:item/empty"
                    }
                  }
                ],
                "fallback": {
                  "type": "minecraft:model",
                  "model": "ppg:item/we/longsword/skin_layer/xmas"
                }
              }
            },
            {
              "when": "amethyst",
              "model": {
                "type": "select",
                "property": "display_context",
                "cases": [
                  {
                    "when": [
                      "gui"
                    ],
                    "model": {
                      "type": "model",
                      "model": "ppg:item/we/longsword/skin_layer/amethyst_gui"
                    }
                  },
                  {
                    "when": [
                      "ground",
                      "fixed"
                    ],
                    "model": {
                      "type": "model",
                      "model": "ppg:item/empty"
                    }
                  }
                ],
                "fallback": {
                  "type": "minecraft:model",
                  "model": "ppg:item/we/longsword/skin_layer/amethyst"
                }
              }
            }
          ],
          "fallback": {
            "type": "select",
            "property": "display_context",
              "cases": [
              {
                "when": [
                  "gui",
                  "ground",
                  "fixed"
                ],
                "model": {
                  "type": "model",
                  "model": "ppg:item/empty"
                }
              }
            ],
            "fallback": {
              "type": "minecraft:model",
              "model": "ppg:item/we/longsword/base/netherite"
            }
          }
        },
        {
          "type": "select",
          "property": "display_context",
            "cases": [
            {
              "when": [
                "gui",
                "ground",
                "fixed"
              ],
              "model": {
                "type": "model",
                "model": "ppg:item/we/longsword/netherite_gui"
              }
            }
          ],
          "fallback": {
            "type": "minecraft:model",
            "model": "ppg:item/we/longsword/netherite"
          }
        }
    ]
  }
}
