{
	"credit": "Made with Blockbench",
	"texture_size": [32, 32],
	"textures": {
		"2": "ppg:item/we/knuckles/skin_layer/crab_claw/diamond",
		"particle": "ppg:item/we/knuckles/skin_layer/crab_claw/diamond"
	},
	"elements": [
		{
			"from": [11.5, 1.5, 3],
			"to": [11.5, 5.5, 11],
			"rotation": {"angle": 0, "axis": "z", "origin": [8, 3.5, 7.75]},
			"faces": {
				"north": {"uv": [0, 0, 2, 0], "rotation": 270, "texture": "#2"},
				"east": {"uv": [2, 11, 0, 7], "rotation": 90, "texture": "#2"},
				"south": {"uv": [0, 0, 2, 0], "rotation": 90, "texture": "#2"},
				"west": {"uv": [4, 7, 2, 11], "rotation": 90, "texture": "#2"},
				"up": {"uv": [0, 0, 4, 0], "rotation": 90, "texture": "#2"},
				"down": {"uv": [0, 0, 4, 0], "rotation": 90, "texture": "#2"}
			}
		},
		{
			"from": [4.5, 1.5, 7],
			"to": [4.5, 5.5, 11],
			"rotation": {"angle": 0, "axis": "z", "origin": [8, 3.5, 7.75]},
			"faces": {
				"north": {"uv": [0, 0, 2, 0], "rotation": 270, "texture": "#2"},
				"east": {"uv": [10, 2, 8, 0], "rotation": 90, "texture": "#2"},
				"south": {"uv": [0, 0, 2, 0], "rotation": 90, "texture": "#2"},
				"west": {"uv": [10, 2, 8, 4], "rotation": 90, "texture": "#2"},
				"up": {"uv": [0, 0, 2, 0], "rotation": 90, "texture": "#2"},
				"down": {"uv": [0, 0, 2, 0], "rotation": 90, "texture": "#2"}
			}
		},
		{
			"from": [7.5, 1.5, 3],
			"to": [11.5, 5.5, 3],
			"rotation": {"angle": 0, "axis": "z", "origin": [8, 3.5, 7.75]},
			"faces": {
				"north": {"uv": [8, 4, 10, 6], "rotation": 270, "texture": "#2"},
				"east": {"uv": [2, 0, 0, 0], "rotation": 90, "texture": "#2"},
				"south": {"uv": [8, 6, 10, 8], "rotation": 90, "texture": "#2"},
				"west": {"uv": [2, 0, 0, 0], "rotation": 90, "texture": "#2"},
				"up": {"uv": [0, 0, 0, 2], "rotation": 90, "texture": "#2"},
				"down": {"uv": [0, 0, 0, 2], "rotation": 90, "texture": "#2"}
			}
		},
		{
			"from": [4.5, 1.5, 7],
			"to": [6.5, 5.5, 7],
			"rotation": {"angle": 0, "axis": "z", "origin": [8, 3.5, 7.75]},
			"faces": {
				"north": {"uv": [8, 8, 10, 9], "rotation": 270, "texture": "#2"},
				"east": {"uv": [2, 0, 0, 0], "rotation": 90, "texture": "#2"},
				"south": {"uv": [8, 9, 10, 10], "rotation": 90, "texture": "#2"},
				"west": {"uv": [2, 0, 0, 0], "rotation": 90, "texture": "#2"},
				"up": {"uv": [0, 0, 0, 1], "rotation": 90, "texture": "#2"},
				"down": {"uv": [0, 0, 0, 1], "rotation": 90, "texture": "#2"}
			}
		},
		{
			"from": [4.5, 1.5, 11],
			"to": [11.5, 5.5, 12],
			"rotation": {"angle": 0, "axis": "z", "origin": [8, 3.5, 7.75]},
			"faces": {
				"north": {"uv": [4, 7, 6, 10.5], "rotation": 270, "texture": "#2"},
				"east": {"uv": [12, 7.5, 10, 7], "rotation": 90, "texture": "#2"},
				"south": {"uv": [6, 7, 8, 10.5], "rotation": 90, "texture": "#2"},
				"west": {"uv": [12, 7.5, 10, 8], "rotation": 90, "texture": "#2"},
				"up": {"uv": [10, 3.5, 10.5, 7], "rotation": 90, "texture": "#2"},
				"down": {"uv": [10, 0, 10.5, 3.5], "rotation": 90, "texture": "#2"}
			}
		},
		{
			"from": [4.5, 5.5, 3],
			"to": [11.5, 5.5, 11],
			"rotation": {"angle": 0, "axis": "z", "origin": [8, 3.5, 7.75]},
			"faces": {
				"north": {"uv": [0, 0, 0, 3.5], "rotation": 270, "texture": "#2"},
				"east": {"uv": [0, 4, 0, 0], "rotation": 90, "texture": "#2"},
				"south": {"uv": [0, 0, 0, 3.5], "rotation": 90, "texture": "#2"},
				"west": {"uv": [0, 0, 0, 4], "rotation": 90, "texture": "#2"},
				"up": {"uv": [0, 3.5, 4, 7], "rotation": 90, "texture": "#2"},
				"down": {"uv": [0, 0, 4, 3.5], "rotation": 90, "texture": "#2"}
			}
		},
		{
			"from": [4.5, 1.5, 3],
			"to": [11.5, 1.5, 11],
			"rotation": {"angle": 0, "axis": "z", "origin": [8, 3.5, 7.75]},
			"faces": {
				"north": {"uv": [0, 0, 0, 3.5], "rotation": 270, "texture": "#2"},
				"east": {"uv": [0, 4, 0, 0], "rotation": 90, "texture": "#2"},
				"south": {"uv": [0, 0, 0, 3.5], "rotation": 90, "texture": "#2"},
				"west": {"uv": [0, 0, 0, 4], "rotation": 90, "texture": "#2"},
				"up": {"uv": [4, 3.5, 8, 7], "rotation": 90, "texture": "#2"},
				"down": {"uv": [4, 0, 8, 3.5], "rotation": 90, "texture": "#2"}
			}
		},
		{
			"from": [5.5, 1.5, 12],
			"to": [9.5, 5.5, 13],
			"rotation": {"angle": 0, "axis": "z", "origin": [8, 3.5, 7.75]},
			"faces": {
				"north": {"uv": [11.5, 14, 13.5, 16], "rotation": 270, "texture": "#2"},
				"east": {"uv": [13.5, 14, 11.5, 13.5], "rotation": 90, "texture": "#2"},
				"south": {"uv": [14, 14, 16, 16], "rotation": 90, "texture": "#2"},
				"west": {"uv": [15.5, 13.5, 13.5, 14], "rotation": 90, "texture": "#2"},
				"up": {"uv": [13.5, 14, 14, 16], "rotation": 90, "texture": "#2"},
				"down": {"uv": [11, 14, 11.5, 16], "rotation": 90, "texture": "#2"}
			}
		}
	],
	"display": {
		"thirdperson_righthand": {
			"translation": [0.5, 3, -3.5],
			"scale": [1.1, 1.1, 1.1]
		},
		"thirdperson_lefthand": {
			"rotation": [0, 0, -180],
			"translation": [0.5, -7, -3.5],
			"scale": [1.1, 1.1, 1.1]
		},
		"firstperson_righthand": {
			"rotation": [0, 0, 90],
			"translation": [-4, 3.5, 0]
		},
		"firstperson_lefthand": {
			"rotation": [0, 0, -90],
			"translation": [5, 3.5, 0]
		}
	},
	"groups": [
		{
			"name": "group",
			"origin": [8, 8, 8],
			"color": 0,
			"children": [0, 1, 2, 3, 4, 5, 6, 7]
		}
	]
}