{
    "parent": "item/handheld",
    "display": {
      "thirdperson_righthand": {
          "rotation": [ 0, -90, 45 ],
          "translation": [ 0, 8, 1.5 ],
          "scale": [ 2, 2, 1 ]
      },
      "thirdperson_lefthand": {
          "rotation": [ 0, 90, -45 ],
          "translation": [ 0, 8, 1.5 ],
          "scale": [ 2, 2, 1 ]
      },
      "firstperson_righthand": {
          "rotation": [ 20, -145, 40 ],
          "translation": [ 0, 4, 2 ],
          "scale": [ 1, 1, 0.6 ]
      },
      "firstperson_lefthand": {
          "rotation": [ 0, 35, -40 ],
          "translation": [ 0, 5, 2 ],
          "scale": [ 1, 1, 0.6 ]
      }
    },
    "textures": {
        "layer0": "ppg:item/we/katana/base/wooden"
    }
}
