{
	"credit": "Made with Blockbench",
	"texture_size": [64, 64],
	"textures": {
		"0": "ppg:item/rw/runewielders_resolve/basic_hat",
		"particle": "ppg:item/rw/runewielders_resolve/basic_hat"
	},
	"elements": [
		{
			"from": [2, 0, 2],
			"to": [14, 1, 14],
			"faces": {
				"north": {"uv": [6.5, 3.75, 9.5, 4], "texture": "#0"},
				"east": {"uv": [7, 6.75, 10, 7], "texture": "#0"},
				"south": {"uv": [7, 7, 10, 7.25], "texture": "#0"},
				"west": {"uv": [6, 7.25, 9, 7.5], "texture": "#0"},
				"up": {"uv": [3, 3, 0, 0], "texture": "#0"},
				"down": {"uv": [3, 3, 0, 6], "texture": "#0"}
			}
		},
		{
			"from": [4, 1, 4],
			"to": [12, 4, 12],
			"rotation": {"angle": 0, "axis": "y", "origin": [-2, 1, -2]},
			"faces": {
				"north": {"uv": [6.5, 2.25, 8.5, 3], "texture": "#0"},
				"east": {"uv": [6.5, 3, 8.5, 3.75], "texture": "#0"},
				"south": {"uv": [3, 7, 5, 7.75], "texture": "#0"},
				"west": {"uv": [7, 5, 9, 5.75], "texture": "#0"},
				"up": {"uv": [5, 2, 3, 0], "texture": "#0"},
				"down": {"uv": [5, 2, 3, 4], "texture": "#0"}
			}
		},
		{
			"from": [5, -2, 5],
			"to": [11, 6, 11],
			"rotation": {"angle": -22.5, "axis": "x", "origin": [-2, 2, -1]},
			"faces": {
				"north": {"uv": [3, 4, 4.5, 6], "texture": "#0"},
				"east": {"uv": [4.5, 4, 6, 6], "texture": "#0"},
				"south": {"uv": [5, 0, 6.5, 2], "texture": "#0"},
				"west": {"uv": [5, 2, 6.5, 4], "texture": "#0"},
				"up": {"uv": [1.5, 7.5, 0, 6], "texture": "#0"},
				"down": {"uv": [3, 6, 1.5, 7.5], "texture": "#0"}
			}
		},
		{
			"from": [6, 5, -4],
			"to": [10, 9, 5],
			"rotation": {"angle": -22.5, "axis": "x", "origin": [-2, 15, -1]},
			"faces": {
				"north": {"uv": [5, 7, 6, 8], "texture": "#0"},
				"east": {"uv": [3, 6, 5.25, 7], "texture": "#0"},
				"south": {"uv": [7, 5.75, 8, 6.75], "texture": "#0"},
				"west": {"uv": [6, 4, 8.25, 5], "texture": "#0"},
				"up": {"uv": [7, 7.25, 6, 5], "texture": "#0"},
				"down": {"uv": [7.5, 0, 6.5, 2.25], "texture": "#0"}
			}
		}
	],
	"display": {
		"thirdperson_righthand": {
			"translation": [0, 8, 0]
		},
		"thirdperson_lefthand": {
			"translation": [0, 8, 0]
		},
		"firstperson_righthand": {
			"translation": [0, 5, 0],
			"scale": [0.5, 0.5, 0.5]
		},
		"firstperson_lefthand": {
			"translation": [0, 5, 0],
			"scale": [0.5, 0.5, 0.5]
		},
		"ground": {
			"translation": [0, 5, 0]
		},
		"gui": {
			"rotation": [30, 20, 0],
			"translation": [0, 3.25, 0]
		},
		"head": {
			"rotation": [16, 180, 0],
			"translation": [0, 17, 3.55],
			"scale": [1.91, 1.91, 1.91]
		},
		"fixed": {
			"rotation": [0, 90, 0]
		}
	}
}
