{
	"credit": "Made with Blockbench",
	"texture_size": [64, 64],
	"textures": {
		"0": "ppg:item/rw/runewielders_resolve/full_throttle",
		"particle": "ppg:item/rw/runewielders_resolve/full_throttle"
	},
	"elements": [
		{
			"from": [2, 0, 2],
			"to": [14, 1, 14],
			"faces": {
				"north": {"uv": [6.5, 3.75, 9.5, 4], "texture": "#0"},
				"east": {"uv": [6.75, 7.25, 9.75, 7.5], "texture": "#0"},
				"south": {"uv": [0, 7.5, 3, 7.75], "texture": "#0"},
				"west": {"uv": [7.5, 0, 10.5, 0.25], "texture": "#0"},
				"up": {"uv": [3, 3, 0, 0], "texture": "#0"},
				"down": {"uv": [3, 3, 0, 6], "texture": "#0"}
			}
		},
		{
			"from": [4, 1, 4],
			"to": [12, 3, 12],
			"rotation": {"angle": 0, "axis": "y", "origin": [-2, 1, -2]},
			"faces": {
				"north": {"uv": [6.5, 2.25, 8.5, 2.75], "texture": "#0"},
				"east": {"uv": [6.5, 2.75, 8.5, 3.25], "texture": "#0"},
				"south": {"uv": [6.5, 3.25, 8.5, 3.75], "texture": "#0"},
				"west": {"uv": [3, 7, 5, 7.5], "texture": "#0"},
				"up": {"uv": [5, 2, 3, 0], "texture": "#0"},
				"down": {"uv": [5, 2, 3, 4], "texture": "#0"}
			}
		},
		{
			"from": [5, -3, 5],
			"to": [11, 5, 11],
			"rotation": {"angle": -22.5, "axis": "x", "origin": [-2, 1, -2]},
			"faces": {
				"north": {"uv": [3, 4, 4.5, 6], "texture": "#0"},
				"east": {"uv": [4.5, 4, 6, 6], "texture": "#0"},
				"south": {"uv": [5, 0, 6.5, 2], "texture": "#0"},
				"west": {"uv": [5, 2, 6.5, 4], "texture": "#0"},
				"up": {"uv": [1.5, 7.5, 0, 6], "texture": "#0"},
				"down": {"uv": [3, 6, 1.5, 7.5], "texture": "#0"}
			}
		},
		{
			"from": [4.6, -3, 8.2],
			"to": [4.6, 2, 11.2],
			"rotation": {"angle": -22.5, "axis": "x", "origin": [-2, 1, -2]},
			"faces": {
				"north": {"uv": [0, 0, 0, 1.25], "texture": "#0"},
				"east": {"uv": [7, 6, 7.75, 7.25], "texture": "#0"},
				"south": {"uv": [0, 0, 0, 1.25], "texture": "#0"},
				"west": {"uv": [6, 7.25, 6.75, 8.5], "texture": "#0"},
				"up": {"uv": [0, 0.75, 0, 0], "texture": "#0"},
				"down": {"uv": [0, 0, 0, 0.75], "texture": "#0"}
			}
		},
		{
			"from": [6, 7.56567, -0.12883],
			"to": [10, 11.56567, 8.87117],
			"rotation": {"angle": 45, "axis": "x", "origin": [8, 9.56567, 4.37117]},
			"faces": {
				"north": {"uv": [5, 7, 6, 8], "texture": "#0"},
				"east": {"uv": [3, 6, 5.25, 7], "texture": "#0"},
				"south": {"uv": [7, 5, 8, 6], "texture": "#0"},
				"west": {"uv": [6, 4, 8.25, 5], "texture": "#0"},
				"up": {"uv": [7, 7.25, 6, 5], "texture": "#0"},
				"down": {"uv": [7.5, 0, 6.5, 2.25], "texture": "#0"}
			}
		},
		{
			"from": [6.5, 1, 10.5],
			"to": [9.5, 4, 12.5],
			"rotation": {"angle": -22.5, "axis": "x", "origin": [8, 3, 12]},
			"faces": {
				"north": {"uv": [5.25, 6, 6, 6.75], "texture": "#0"},
				"east": {"uv": [7.5, 1, 8, 1.75], "texture": "#0"},
				"south": {"uv": [7.5, 0.25, 8.25, 1], "texture": "#0"},
				"west": {"uv": [3, 7.5, 3.5, 8.25], "texture": "#0"},
				"up": {"uv": [8.25, 2.25, 7.5, 1.75], "texture": "#0"},
				"down": {"uv": [4.25, 7.5, 3.5, 8], "texture": "#0"}
			}
		}
	],
	"display": {
		"thirdperson_righthand": {
			"translation": [0, 8, 0]
		},
		"thirdperson_lefthand": {
			"translation": [0, 8, 0]
		},
		"firstperson_righthand": {
			"translation": [0, 5, 0],
			"scale": [0.5, 0.5, 0.5]
		},
		"firstperson_lefthand": {
			"translation": [0, 5, 0],
			"scale": [0.5, 0.5, 0.5]
		},
		"ground": {
			"translation": [0, 5, 0]
		},
		"gui": {
			"rotation": [30, 20, 0],
			"translation": [0, 1.25, 0],
			"scale": [0.8, 0.8, 0.8]
		},
		"head": {
			"rotation": [16, 180, 0],
			"translation": [0, 18, 3.75],
			"scale": [1.85, 1.85, 1.85]
		},
		"fixed": {
			"rotation": [0, 90, 0]
		}
	}
}
