{
	"credit": "Made with Blockbench",
	"texture_size": [64, 64],
	"textures": {
		"0": "ppg:item/rw/runewielders_resolve/ignis_imperium",
		"particle": "ppg:item/rw/runewielders_resolve/ignis_imperium"
	},
	"elements": [
		{
			"from": [2, 0, 1],
			"to": [14, 0.5, 13],
			"faces": {
				"north": {"uv": [0, 6, 3, 6.25], "texture": "#0"},
				"east": {"uv": [6, 4, 9, 4.25], "texture": "#0"},
				"south": {"uv": [6, 4.25, 9, 4.5], "texture": "#0"},
				"west": {"uv": [6, 4.5, 9, 4.75], "texture": "#0"},
				"up": {"uv": [3, 3, 0, 0], "texture": "#0"},
				"down": {"uv": [3, 3, 0, 6], "texture": "#0"}
			}
		},
		{
			"from": [4, 0.5, 4],
			"to": [12, 3, 12],
			"rotation": {"angle": 0, "axis": "y", "origin": [-1, 0, -5]},
			"faces": {
				"north": {"uv": [3, 5, 5, 5.75], "texture": "#0"},
				"east": {"uv": [5, 5, 7, 5.75], "texture": "#0"},
				"south": {"uv": [3, 5.75, 5, 6.5], "texture": "#0"},
				"west": {"uv": [5, 5.75, 7, 6.5], "texture": "#0"},
				"up": {"uv": [5, 2, 3, 0], "texture": "#0"},
				"down": {"uv": [5, 2, 3, 4], "texture": "#0"}
			}
		},
		{
			"from": [5, 3, 5],
			"to": [11, 4.5, 11],
			"rotation": {"angle": 0, "axis": "y", "origin": [-1, 2, -5]},
			"faces": {
				"north": {"uv": [0, 6.25, 1.5, 6.75], "texture": "#0"},
				"east": {"uv": [1.5, 6.25, 3, 6.75], "texture": "#0"},
				"south": {"uv": [6.5, 1, 8, 1.5], "texture": "#0"},
				"west": {"uv": [6.5, 1.5, 8, 2], "texture": "#0"},
				"up": {"uv": [6.5, 2.5, 5, 1], "texture": "#0"},
				"down": {"uv": [6.5, 2.5, 5, 4], "texture": "#0"}
			}
		},
		{
			"name": "feather",
			"from": [3.9, 0.25, -1],
			"to": [3.9, 4.25, 11],
			"rotation": {"angle": 22.5, "axis": "x", "origin": [4, 2, 9]},
			"faces": {
				"north": {"uv": [0, 0, 0, 1], "texture": "#0"},
				"east": {"uv": [8, 0, 5, 1], "texture": "#0"},
				"south": {"uv": [0, 0, 0, 1], "texture": "#0"},
				"west": {"uv": [5, 0, 8, 1], "texture": "#0"},
				"up": {"uv": [0, 3, 0, 0], "texture": "#0"},
				"down": {"uv": [0, 0, 0, 3], "texture": "#0"}
			}
		},
		{
			"from": [3, 0, 13],
			"to": [13, 0.5, 14],
			"rotation": {"angle": 0, "axis": "y", "origin": [7, 0, 13]},
			"faces": {
				"north": {"uv": [6, 4.75, 8.5, 5], "texture": "#0"},
				"east": {"uv": [2, 7.25, 2.25, 7.5], "texture": "#0"},
				"south": {"uv": [6.5, 2, 9, 2.25], "texture": "#0"},
				"west": {"uv": [2.25, 7.25, 2.5, 7.5], "texture": "#0"},
				"up": {"uv": [9, 2.5, 6.5, 2.25], "texture": "#0"},
				"down": {"uv": [9, 2.5, 6.5, 2.75], "texture": "#0"}
			}
		},
		{
			"from": [4, 0, 14],
			"to": [12, 0.5, 15],
			"rotation": {"angle": 0, "axis": "y", "origin": [7, 0, 14]},
			"faces": {
				"north": {"uv": [6.5, 3.5, 8.5, 3.75], "texture": "#0"},
				"east": {"uv": [2.5, 7.25, 2.75, 7.5], "texture": "#0"},
				"south": {"uv": [6.5, 3.75, 8.5, 4], "texture": "#0"},
				"west": {"uv": [2.75, 7.25, 3, 7.5], "texture": "#0"},
				"up": {"uv": [8.5, 6.75, 6.5, 6.5], "texture": "#0"},
				"down": {"uv": [2, 6.75, 0, 7], "texture": "#0"}
			}
		},
		{
			"from": [6, 0, 15],
			"to": [10, 0.5, 16],
			"rotation": {"angle": 0, "axis": "y", "origin": [7, 0, 15]},
			"faces": {
				"north": {"uv": [7, 6, 8, 6.25], "texture": "#0"},
				"east": {"uv": [3, 7.25, 3.25, 7.5], "texture": "#0"},
				"south": {"uv": [7, 6.25, 8, 6.5], "texture": "#0"},
				"west": {"uv": [3.25, 7.25, 3.5, 7.5], "texture": "#0"},
				"up": {"uv": [7.5, 7.25, 6.5, 7], "texture": "#0"},
				"down": {"uv": [1, 7.25, 0, 7.5], "texture": "#0"}
			}
		},
		{
			"from": [7, 0, 16],
			"to": [9, 0.5, 17],
			"rotation": {"angle": 0, "axis": "y", "origin": [7, 0, 16]},
			"faces": {
				"north": {"uv": [5, 6.75, 5.5, 7], "texture": "#0"},
				"east": {"uv": [6.5, 7.25, 6.75, 7.5], "texture": "#0"},
				"south": {"uv": [5, 7, 5.5, 7.25], "texture": "#0"},
				"west": {"uv": [6.75, 7.25, 7, 7.5], "texture": "#0"},
				"up": {"uv": [1.5, 7.5, 1, 7.25], "texture": "#0"},
				"down": {"uv": [2, 7.25, 1.5, 7.5], "texture": "#0"}
			}
		},
		{
			"from": [15, 0, 3],
			"to": [16, 0.5, 10],
			"rotation": {"angle": 0, "axis": "y", "origin": [14, 0, 6]},
			"faces": {
				"north": {"uv": [5, 7.25, 5.25, 7.5], "texture": "#0"},
				"east": {"uv": [7, 5, 8.75, 5.25], "texture": "#0"},
				"south": {"uv": [5.25, 7.25, 5.5, 7.5], "texture": "#0"},
				"west": {"uv": [7, 5.25, 8.75, 5.5], "texture": "#0"},
				"up": {"uv": [4.25, 8.5, 4, 6.75], "texture": "#0"},
				"down": {"uv": [4.5, 6.75, 4.25, 8.5], "texture": "#0"}
			}
		},
		{
			"from": [0, 0, 3],
			"to": [1, 0.5, 10],
			"rotation": {"angle": 0, "axis": "y", "origin": [-1, 0, 6]},
			"faces": {
				"north": {"uv": [0, 7.5, 0.25, 7.75], "texture": "#0"},
				"east": {"uv": [7, 5.5, 8.75, 5.75], "texture": "#0"},
				"south": {"uv": [0.25, 7.5, 0.5, 7.75], "texture": "#0"},
				"west": {"uv": [7, 5.75, 8.75, 6], "texture": "#0"},
				"up": {"uv": [4.75, 8.5, 4.5, 6.75], "texture": "#0"},
				"down": {"uv": [5, 6.75, 4.75, 8.5], "texture": "#0"}
			}
		},
		{
			"from": [14, 0, 2],
			"to": [15, 0.5, 12],
			"rotation": {"angle": 0, "axis": "y", "origin": [13, 0, 6]},
			"faces": {
				"north": {"uv": [3.5, 7.25, 3.75, 7.5], "texture": "#0"},
				"east": {"uv": [6.5, 2.75, 9, 3], "texture": "#0"},
				"south": {"uv": [3.75, 7.25, 4, 7.5], "texture": "#0"},
				"west": {"uv": [3, 6.5, 5.5, 6.75], "texture": "#0"},
				"up": {"uv": [5.75, 9, 5.5, 6.5], "texture": "#0"},
				"down": {"uv": [6, 6.5, 5.75, 9], "texture": "#0"}
			}
		},
		{
			"from": [1, 0, 2],
			"to": [2, 0.5, 12],
			"rotation": {"angle": 0, "axis": "y", "origin": [0, 0, 6]},
			"faces": {
				"north": {"uv": [7, 7.25, 7.25, 7.5], "texture": "#0"},
				"east": {"uv": [6.5, 3, 9, 3.25], "texture": "#0"},
				"south": {"uv": [7.25, 7.25, 7.5, 7.5], "texture": "#0"},
				"west": {"uv": [6.5, 3.25, 9, 3.5], "texture": "#0"},
				"up": {"uv": [6.25, 9, 6, 6.5], "texture": "#0"},
				"down": {"uv": [6.5, 6.5, 6.25, 9], "texture": "#0"}
			}
		},
		{
			"from": [4, 0, 0],
			"to": [12, 0.5, 1],
			"rotation": {"angle": 0, "axis": "y", "origin": [7, 0, -1]},
			"faces": {
				"north": {"uv": [2, 6.75, 4, 7], "texture": "#0"},
				"east": {"uv": [0.5, 7.5, 0.75, 7.75], "texture": "#0"},
				"south": {"uv": [6.5, 6.75, 8.5, 7], "texture": "#0"},
				"west": {"uv": [0.75, 7.5, 1, 7.75], "texture": "#0"},
				"up": {"uv": [2, 7.25, 0, 7], "texture": "#0"},
				"down": {"uv": [4, 7, 2, 7.25], "texture": "#0"}
			}
		}
	],
	"display": {
		"thirdperson_righthand": {
			"translation": [0, 8, 0]
		},
		"thirdperson_lefthand": {
			"translation": [0, 8, 0]
		},
		"firstperson_righthand": {
			"translation": [0, 5, 0],
			"scale": [0.5, 0.5, 0.5]
		},
		"firstperson_lefthand": {
			"translation": [0, 5, 0],
			"scale": [0.5, 0.5, 0.5]
		},
		"ground": {
			"translation": [0, 5, 0]
		},
		"gui": {
			"rotation": [30, 40, 0],
			"translation": [0.75, 4.25, 0],
			"scale": [0.9, 0.9, 0.9]
		},
		"head": {
			"rotation": [-5, 180, 4],
			"translation": [1, 18, -1],
			"scale": [1.9, 1.9, 1.9]
		},
		"fixed": {
			"rotation": [-30, -140, 0],
			"translation": [0, 4.5, -4.75]
		}
	}
}
