{
	"credit": "Made with Blockbench",
	"texture_size": [64, 64],
	"textures": {
		"0": "ppg:item/rw/runewielders_resolve/lux_imperium",
		"particle": "ppg:item/rw/runewielders_resolve/lux_imperium"
	},
	"elements": [
		{
			"from": [2, 0, 2],
			"to": [14, 2, 4],
			"rotation": {"angle": 0, "axis": "y", "origin": [10, 0, 2]},
			"faces": {
				"north": {"uv": [0, 0, 6, 1], "texture": "#0"},
				"east": {"uv": [6, 7, 7, 8], "texture": "#0"},
				"south": {"uv": [0, 1, 6, 2], "texture": "#0"},
				"west": {"uv": [1, 8, 2, 9], "texture": "#0"},
				"up": {"uv": [6, 3, 0, 2], "texture": "#0"},
				"down": {"uv": [6, 3, 0, 4], "texture": "#0"}
			}
		},
		{
			"from": [2, 0, 12],
			"to": [14, 2, 14],
			"rotation": {"angle": 0, "axis": "y", "origin": [10, 0, 13]},
			"faces": {
				"north": {"uv": [0, 4, 6, 5], "texture": "#0"},
				"east": {"uv": [2, 8, 3, 9], "texture": "#0"},
				"south": {"uv": [0, 5, 6, 6], "texture": "#0"},
				"west": {"uv": [3, 8, 4, 9], "texture": "#0"},
				"up": {"uv": [6, 7, 0, 6], "texture": "#0"},
				"down": {"uv": [12, 0, 6, 1], "texture": "#0"}
			}
		},
		{
			"from": [12, 0, 4],
			"to": [14, 2, 12],
			"rotation": {"angle": 0, "axis": "y", "origin": [14, 0.5, 8.5]},
			"faces": {
				"north": {"uv": [4, 8, 5, 9], "texture": "#0"},
				"east": {"uv": [6, 1, 10, 2], "texture": "#0"},
				"south": {"uv": [8, 4, 9, 5], "texture": "#0"},
				"west": {"uv": [6, 2, 10, 3], "texture": "#0"},
				"up": {"uv": [7, 7, 6, 3], "texture": "#0"},
				"down": {"uv": [1, 7, 0, 11], "texture": "#0"}
			}
		},
		{
			"from": [2, 0, 4],
			"to": [4, 2, 12],
			"rotation": {"angle": 0, "axis": "y", "origin": [3, 0.5, 8.5]},
			"faces": {
				"north": {"uv": [8, 5, 9, 6], "texture": "#0"},
				"east": {"uv": [1, 7, 5, 8], "texture": "#0"},
				"south": {"uv": [6, 8, 7, 9], "texture": "#0"},
				"west": {"uv": [7, 3, 11, 4], "texture": "#0"},
				"up": {"uv": [8, 8, 7, 4], "texture": "#0"},
				"down": {"uv": [6, 7, 5, 11], "texture": "#0"}
			}
		}
	],
	"display": {
		"thirdperson_righthand": {
			"translation": [0, 5.5, 0],
			"scale": [0.5, 0.5, 0.5]
		},
		"thirdperson_lefthand": {
			"translation": [0, 5.5, 0],
			"scale": [0.5, 0.5, 0.5]
		},
		"firstperson_righthand": {
			"translation": [0, 5.25, 0],
			"scale": [0.5, 0.5, 0.5]
		},
		"firstperson_lefthand": {
			"translation": [0, 5.25, 0],
			"scale": [0.5, 0.5, 0.5]
		},
		"ground": {
			"translation": [0, 3, 0]
		},
		"gui": {
			"rotation": [18, 22, 0],
			"translation": [0, 3, 0]
		},
		"head": {
			"rotation": [0, 180, 0],
			"translation": [0, 20, 0]
		},
		"fixed": {
			"rotation": [-16, -149, 0],
			"translation": [0, 0, -2.75]
		}
	}
}
