{
  "model": {
    "type": "minecraft:composite",
    "models": [
      {
        "type": "select",
        "property": "custom_model_data",
        "cases": [
          {
            "when": "Placeholder",
            "model": {
              "type": "select",
              "property": "display_context",
              "cases": [
                {
                  "when": [
                    "gui"
                  ],
                  "model": {
                    "type": "model",
                    "model": "ppg:item/rw/relic/howling_thunder/sheathed_gui"
                  }
                }
              ]
            }
          }
        ],
        "fallback": {
          "type": "minecraft:model",
          "model": "ppg:item/empty"
        }
      },
      {
        "type": "select",
        "property": "custom_model_data",
        "cases": [
          {
            "when": "Placeholder",
            "model": {
              "type": "minecraft:model",
              "model": "ppg:item/empty"
            }
          }
        ],
        "fallback": {
          "type": "select",
          "property": "display_context",
            "cases": [
            {
              "when": [
                "gui",
                "ground",
                "fixed"
              ],
              "model": {
                "type": "minecraft:range_dispatch",
                "property": "custom_model_data",
                "entries": [
                  {
                    "threshold": 1,
                    "model": {
                      "type": "model",
                      "model": "ppg:item/rw/relic/howling_thunder/sheathed_gui"
                    }
                  }
                ],
                "fallback": {
                  "type": "model",
                  "model": "ppg:item/rw/relic/howling_thunder/base_gui"
                }
              }
            }
          ],
          "fallback": {
            "type": "minecraft:range_dispatch",
            "property": "custom_model_data",
            "entries": [
              {
                "threshold": 1,
                "model": {
                  "type": "model",
                  "model": "ppg:item/rw/relic/howling_thunder/sheathed"
                }
              }
            ],
            "fallback": {
              "type": "model",
              "model": "ppg:item/rw/relic/howling_thunder/base"
            }
          }
        }
      }
    ]
  }
}
