{
  "model": {
    "type": "minecraft:condition",
    "property": "minecraft:using_item",
    "on_false": {
      "type": "minecraft:select",
      "property": "minecraft:charge_type",
      "cases": [
        {
          "when": "arrow",
          "model": {
            "type": "minecraft:model",
            "model": "ppg:item/we/guarded_crossbow/arrow"
          }
        },
        {
          "when": "rocket",
          "model": {
            "type": "minecraft:model",
            "model": "ppg:item/we/guarded_crossbow/firework"
          }
        }
      ],
      "fallback": {
        "type": "minecraft:model",
        "model": "ppg:item/we/guarded_crossbow/standby"
      }
    },
    "on_true": {
      "type": "minecraft:range_dispatch",
      "property": "minecraft:crossbow/pull",
      "entries": [
        {
          "threshold": 0.58,
          "model": {
            "type": "minecraft:model",
            "model": "ppg:item/we/guarded_crossbow/pulling_1"
          }
        },
        {
          "threshold": 1.0,
          "model": {
            "type": "minecraft:model",
            "model": "ppg:item/we/guarded_crossbow/pulling_2"
          }
        }
      ],
      "fallback": {
        "type": "minecraft:model",
        "model": "ppg:item/we/guarded_crossbow/pulling_0"
      }
    }
  }
}
