{
  "model": {
    "type": "minecraft:condition",
    "property": "minecraft:using_item",
    "on_false": {
      "type": "minecraft:model",
      "model": "ppg:item/we/spiked_bow/base"
    },
    "on_true": {
      "type": "minecraft:range_dispatch",
      "property": "minecraft:use_duration",
      "scale": 0.05,
      "entries": [
        {
          "threshold": 0.65,
          "model": {
            "type": "minecraft:model",
            "model": "ppg:item/we/spiked_bow/pulling_1"
          }
        },
        {
          "threshold": 0.9,
          "model": {
            "type": "minecraft:model",
            "model": "ppg:item/we/spiked_bow/pulling_2"
          }
        }
      ],
      "fallback": {
        "type": "minecraft:model",
        "model": "ppg:item/we/spiked_bow/pulling_0"
      }
    }
  }
}
