{
	"credit": "Made with Blockbench",
	"parent": "32",
	"texture_size": [60, 60],
	"textures": {
		"0": "ppg:item/rw/orb/gelus",
		"particle": "ppg:item/rw/orb/gelus"
	},
	"elements": [
		{
			"from": [3, 3, 3],
			"to": [13, 13, 13],
			"rotation": {"angle": -45, "axis": "x", "origin": [8, 8, 8]},
			"faces": {
				"north": {"uv": [16, 16, 13.33334, 13.33334], "texture": "#0"},
				"east": {"uv": [16, 16, 13.33334, 13.33334], "texture": "#0"},
				"south": {"uv": [16, 16, 13.33334, 13.33334], "texture": "#0"},
				"west": {"uv": [16, 16, 13.33334, 13.33334], "texture": "#0"},
				"up": {"uv": [16, 16, 13.33334, 13.33334], "texture": "#0"},
				"down": {"uv": [16, 15.98333, 13.33334, 13.31667], "texture": "#0"}
			}
		},
		{
			"from": [4, 5, 3],
			"to": [12, 13, 11],
			"rotation": {"angle": -45, "axis": "x", "origin": [7, 10, 8]},
			"faces": {
				"north": {"uv": [16, 16, 13.86666, 13.86666], "texture": "#0"},
				"east": {"uv": [16, 16, 13.86666, 13.86666], "texture": "#0"},
				"south": {"uv": [16, 16, 13.86666, 13.86666], "texture": "#0"},
				"west": {"uv": [16, 16, 13.86666, 13.86666], "texture": "#0"},
				"up": {"uv": [16, 16, 13.86666, 13.86666], "texture": "#0"},
				"down": {"uv": [15.96667, 15.96667, 13.83333, 13.83333], "texture": "#0"}
			}
		},
		{
			"from": [6, 7, 3],
			"to": [10, 11, 7],
			"rotation": {"angle": -45, "axis": "x", "origin": [9, 12, 8]},
			"faces": {
				"north": {"uv": [16, 16, 14.93334, 14.93334], "texture": "#0"},
				"east": {"uv": [16, 16, 14.93334, 14.93334], "texture": "#0"},
				"south": {"uv": [16, 16, 14.93334, 14.93334], "texture": "#0"},
				"west": {"uv": [16, 16, 14.93334, 14.93334], "texture": "#0"},
				"up": {"uv": [15.93333, 15.93333, 14.86667, 14.86667], "texture": "#0"},
				"down": {"uv": [15.93333, 15.93333, 14.86667, 14.86667], "texture": "#0"}
			}
		},
		{
			"from": [0, 0, 0],
			"to": [16, 16, 0],
			"rotation": {"angle": 0, "axis": "z", "origin": [8, 8, 8]},
			"faces": {
				"north": {"uv": [0, 2, 4, 6], "texture": "#0"},
				"east": {"uv": [8, 8, 8, 12], "texture": "#0"},
				"south": {"uv": [4, 2, 0, 6], "texture": "#0"},
				"west": {"uv": [12, 8, 12, 12], "texture": "#0"},
				"up": {"uv": [12, 8, 8, 8], "texture": "#0"},
				"down": {"uv": [16, 8, 12, 8], "texture": "#0"}
			}
		},
		{
			"from": [16, 0, 0],
			"to": [16, 16, 16],
			"rotation": {"angle": 0, "axis": "y", "origin": [24, 8, 8]},
			"faces": {
				"north": {"uv": [8, 8, 8, 12], "texture": "#0"},
				"east": {"uv": [12, 2, 16, 6], "texture": "#0"},
				"south": {"uv": [12, 8, 12, 12], "texture": "#0"},
				"west": {"uv": [16, 2, 12, 6], "texture": "#0"},
				"up": {"uv": [12, 8, 8, 8], "rotation": 270, "texture": "#0"},
				"down": {"uv": [16, 8, 12, 8], "rotation": 90, "texture": "#0"}
			}
		},
		{
			"from": [0, 0, 16],
			"to": [16, 16, 16],
			"rotation": {"angle": 0, "axis": "y", "origin": [8, 8, 24]},
			"faces": {
				"north": {"uv": [12, 2, 8, 6], "texture": "#0"},
				"east": {"uv": [12, 8, 12, 12], "texture": "#0"},
				"south": {"uv": [8, 2, 12, 6], "texture": "#0"},
				"west": {"uv": [8, 8, 8, 12], "texture": "#0"},
				"up": {"uv": [12, 8, 8, 8], "rotation": 180, "texture": "#0"},
				"down": {"uv": [16, 8, 12, 8], "rotation": 180, "texture": "#0"}
			}
		},
		{
			"from": [0, 0, 0],
			"to": [0, 16, 16],
			"rotation": {"angle": 0, "axis": "y", "origin": [8, 8, 8]},
			"faces": {
				"north": {"uv": [12, 8, 12, 12], "texture": "#0"},
				"east": {"uv": [8, 2, 4, 6], "texture": "#0"},
				"south": {"uv": [8, 8, 8, 12], "texture": "#0"},
				"west": {"uv": [4, 2, 8, 6], "texture": "#0"},
				"up": {"uv": [12, 8, 8, 8], "rotation": 90, "texture": "#0"},
				"down": {"uv": [16, 8, 12, 8], "rotation": 270, "texture": "#0"}
			}
		}
	],
	"display": {
		"thirdperson_righthand": {
			"rotation": [0, 45, 45],
			"translation": [0, 4.75, 0],
			"scale": [0.5, 0.5, 0.5]
		},
		"thirdperson_lefthand": {
			"rotation": [0, 45, -45],
			"translation": [0, 4.75, 0],
			"scale": [0.5, 0.5, 0.5]
		},
		"firstperson_righthand": {
			"rotation": [0, 45, 45],
			"translation": [0, 4.5, 0],
			"scale": [0.4, 0.4, 0.4]
		},
		"firstperson_lefthand": {
			"rotation": [0, 45, -45],
			"translation": [0, 4.5, 0],
			"scale": [0.4, 0.4, 0.4]
		},
		"ground": {
			"rotation": [0, 45, 45],
			"scale": [0.5, 0.5, 0.5]
		},
		"gui": {
			"rotation": [0, 45, 45],
			"scale": [0.75, 0.75, 0.75]
		}
	}
}
