{
    "parent": "item/handheld",
    "display": {
      "thirdperson_righthand": {
          "rotation": [ 0, -90, 135 ],
          "translation": [ 2.5, -2, 8 ],
          "scale": [ 2, 2, 1.2]
      },
      "thirdperson_lefthand": {
          "rotation": [ 0, 90, -135 ],
          "translation": [ 2.5, -2, 8 ],
          "scale": [ 2, 2, 1.2]
      },
      "firstperson_righthand": {
          "rotation": [ 0, -75, 90 ],
          "translation": [ 2, 2, 2 ],
          "scale": [ 1.2, 1.2, 1 ]
      },
      "firstperson_lefthand": {
          "rotation": [ 0, 105, -90 ],
          "translation": [ 2, 2, 2 ],
          "scale": [ 1.2, 1.2, 1 ]
      }
    },
    "textures": {
        "layer0": "ppg:item/we/guardblade/netherite"
    }
}
