{
    "parent": "item/handheld",
    "display": {
      "thirdperson_righthand": {
          "rotation": [ 0, -90, 45 ],
          "translation": [ 0, 5, 1.5 ]
      },
      "thirdperson_lefthand": {
          "rotation": [ 0, 90, -45 ],
          "translation": [ 0, 5, 1.5 ]
      },
      "firstperson_righthand": {
          "rotation": [ 0, -75, 40 ],
          "translation": [ 0, 3.5, 2 ],
          "scale": [ 0.5, 0.5, 0.6 ]
      },
      "firstperson_lefthand": {
          "rotation": [ 0, 105, -40 ],
          "translation": [ 0, 3.5, 2 ],
          "scale": [ 0.5, 0.5, 0.6 ]
      }
    },
    "textures": {
        "layer0": "ppg:item/we/dao/iron"
    }
}
